{"angles": [14.75, 14.75, 14.4, 14.4, 14.4, 14.4, 14.4, 14.4, 14.4, 14.4, 14.4, 14.4, 14.4, 14.4, 14.4, 14.4, 14.4, 14.4, 14.4, 14.4, 12.719999999999999, 12.809999999999999, 12.809999999999999, 12.809999999999999, 12.809999999999999, 12.809999999999999, 12.809999999999999, 12.46, 12.46, 12.46, 12.46, 12.46, 12.46, 12.11, 12.11, 12.11, 12.11, 12.11, 12.11, 12.11, 12.11, 12.11, 12.11, 12.11, 7.79, 9.9, 11.74, 22.65, 24.48, 26.86, 26.86, 27.44, 35.47, 35.47, 38.14, 39.620000000000005, 39.77, 40.25, 40.58, 40.61, 41.63, 41.67, 41.67, 41.67, 41.67, 42.64, 42.64, 44.58, 45.07, 46.52, 47.01, 47.03, 47.52, 47.52, 47.52, 48.5, 48.5, 50.05, 51.04, 52.16, 54.63, 55.7, 55.7, 55.7, 56.19, 56.68, 59.44, 59.91, 59.91, 60.51, 60.18, 61.13, 61.13, 61.13, 62.22, 63.78, 64.71000000000001, 64.59, 66.83, 66.91, 66.91, 68.25999999999999, 74.7, 80.35, 79.82, 80.24, 80.24, 80.24, 80.24, 80.24, 80.24, 80.38, 81.57, 81.57, 82.43, 82.84, 88.02, 88.07, 88.75, 88.02, 88.02, 88.02, 88.02, 88.02, 88.02, 93.66, 94.23, 94.56, 94.95, 94.29, 94.16, 94.81, 94.16, 94.23, 94.56, 94.56, 94.95, 94.95, 94.95, 94.95, 94.95, 95.28, 95.52, 96.0, 98.86, 99.15, 98.86, 99.72, 99.56, 99.97], "values": [0.75, 0.75, 0.74, 0.74, 0.74, 0.74, 0.74, 0.74, 0.74, 0.74, 0.74, 0.74, 0.74, 0.74, 0.74, 0.74, 0.74, 0.74, 0.74, 0.74, 0.68, 0.68, 0.68, 0.68, 0.68, 0.68, 0.68, 0.67, 0.67, 0.67, 0.67, 0.67, 0.67, 0.66, 0.66, 0.66, 0.66, 0.66, 0.66, 0.66, 0.66, 0.66, 0.66, 0.66, 0.5, 0.58, 0.64, 1.04, 1.11, 1.19, 1.19, 1.21, 1.5, 1.5, 1.6, 1.65, 1.66, 1.68, 1.69, 1.69, 1.73, 1.73, 1.73, 1.73, 1.73, 1.76, 1.76, 1.83, 1.85, 1.9, 1.92, 1.92, 1.94, 1.94, 1.94, 1.98, 1.98, 2.03, 2.07, 2.11, 2.2, 2.24, 2.24, 2.24, 2.25, 2.27, 2.37, 2.39, 2.39, 2.41, 2.4, 2.43, 2.43, 2.43, 2.47, 2.53, 2.56, 2.56, 2.64, 2.64, 2.64, 2.69, 2.92, 3.13, 3.11, 3.13, 3.13, 3.13, 3.13, 3.13, 3.13, 3.13, 3.17, 3.17, 3.2, 3.22, 3.41, 3.41, 3.43, 3.41, 3.41, 3.41, 3.41, 3.41, 3.41, 3.61, 3.63, 3.64, 3.66, 3.63, 3.63, 3.65, 3.63, 3.63, 3.64, 3.64, 3.66, 3.66, 3.66, 3.66, 3.66, 3.67, 3.68, 3.7, 3.8, 3.81, 3.8, 3.83, 3.83, 3.84], "info": {"delta_a": 262.31, "minv": 0.5, "maxv": 10.0}}