{"angles": [128.73000000000002, 124.84, 125.78, 125.78, 125.78, 124.84, 123.91, 123.91, 110.83, 109.4, 109.4, 109.4, 109.4, 109.4, 105.15, 104.38, 104.38, 102.08, 102.08, 102.08, 101.05, 101.05, 101.05, 101.05, 101.05, 100.02, 93.8, 93.39, 92.79, 90.86, 91.5, 90.86, 84.13, 84.13, 83.77, 80.9, 81.18, 81.18, 71.69, 71.69, 71.69, 71.69, 63.7, 64.11, 64.28, 64.22999999999999, 65.12, 60.45, 60.91, 60.94, 54.49, 54.87, 54.1, 54.1, 52.59, 52.59, 45.29, 44.8, 44.8, 40.42, 37.5, 32.05, 31.58, 32.05, 30.88, 30.4, 29.45, 29.45, 29.45, 29.45, 28.5, 28.5, 27.28, 25.72, 25.56, 23.34, 23.81, 23.28, 23.28, 20.78, 20.78, 20.04, 19.1, 18.2, 16.57, 15.15, 15.15, 13.059999999999999, 12.27, 12.879999999999999, 12.0, 11.14, 11.57, 11.57, 11.57, 11.57, 11.57, 11.57, 10.86, 10.86, 10.86, 10.43, 10.43, 10.58, 10.42, 10.42, 10.42, 10.42, 10.01, 10.01, 10.42, 10.42, 10.42, 10.42, 10.42, 10.15, 10.15, 10.15, 9.18, 9.18, 9.18, 9.18, 9.18, 9.18, 9.18, 9.18, 9.18, 9.18, 9.18, 9.18, 9.18, 9.18, 9.18, 9.18, 9.18, 9.18, 9.18, 9.18, 9.18, 9.18, 9.18, 9.18, 9.18, 9.18, 9.18, 9.18, 9.18, 9.18, 9.18, 9.18], "values": [4.9, 4.76, 4.79, 4.79, 4.79, 4.76, 4.72, 4.72, 4.25, 4.19, 4.19, 4.19, 4.19, 4.19, 4.04, 4.01, 4.01, 3.93, 3.93, 3.93, 3.89, 3.89, 3.89, 3.89, 3.89, 3.85, 3.63, 3.61, 3.59, 3.52, 3.54, 3.52, 3.28, 3.28, 3.26, 3.16, 3.17, 3.17, 2.82, 2.82, 2.82, 2.82, 2.53, 2.55, 2.55, 2.55, 2.58, 2.42, 2.43, 2.43, 2.2, 2.21, 2.18, 2.18, 2.13, 2.13, 1.86, 1.85, 1.85, 1.69, 1.58, 1.38, 1.37, 1.38, 1.34, 1.32, 1.29, 1.29, 1.29, 1.29, 1.25, 1.25, 1.21, 1.15, 1.15, 1.07, 1.08, 1.06, 1.06, 0.97, 0.97, 0.95, 0.91, 0.88, 0.82, 0.77, 0.77, 0.69, 0.66, 0.69, 0.65, 0.62, 0.64, 0.64, 0.64, 0.64, 0.64, 0.64, 0.61, 0.61, 0.61, 0.6, 0.6, 0.6, 0.6, 0.6, 0.6, 0.6, 0.58, 0.58, 0.6, 0.6, 0.6, 0.6, 0.6, 0.59, 0.59, 0.59, 0.55, 0.55, 0.55, 0.55, 0.55, 0.55, 0.55, 0.55, 0.55, 0.55, 0.55, 0.55, 0.55, 0.55, 0.55, 0.55, 0.55, 0.55, 0.55, 0.55, 0.55, 0.55, 0.55, 0.55, 0.55, 0.55, 0.55, 0.55, 0.55, 0.55, 0.55, 0.55], "info": {"delta_a": 261.40999999999997, "minv": 0.5, "maxv": 10.0}}