{"angles": [148.9, 148.9, 148.9, 148.9, 148.9, 149.94, 150.34, 150.34, 153.68, 153.72, 154.13, 154.97, 154.97, 156.03, 156.24, 156.46, 156.24, 156.87, 156.03, 156.03, 157.09, 157.72, 157.72, 160.62, 160.44, 160.79, 160.43, 160.27, 160.27, 160.7, 160.44, 160.44, 160.44, 160.44, 160.44, 160.44, 160.44, 160.44, 160.44, 160.44, 160.44, 162.81, 162.97, 162.97, 162.97, 162.97, 162.97, 165.8, 165.21, 165.8, 166.71, 166.78, 166.78, 166.78, 166.78, 166.78, 166.78, 166.78, 166.78, 166.78, 167.38, 167.38, 167.97, 167.51, 167.51, 167.51, 167.51, 167.51, 167.51, 166.58, 166.58, 166.12, 166.58, 166.58, 166.58, 166.58, 166.12, 166.07, 166.07, 166.07, 166.07, 166.07, 166.07, 166.07, 165.05, 165.05, 165.05, 165.05, 165.05, 165.63, 165.19, 165.19, 165.05, 164.16, 164.16, 164.16, 164.01, 164.01, 164.01, 164.16, 164.16, 163.28, 154.36, 153.49, 150.09, 150.44, 149.94, 148.9, 148.9, 147.87, 144.23, 144.23, 141.89, 137.26, 136.94, 131.92000000000002, 131.92000000000002, 132.51999999999998, 131.85, 131.85, 131.85, 131.85, 126.81, 126.81, 127.06, 126.67, 126.03, 126.28, 126.28, 126.28, 122.92, 121.28, 121.28, 115.1, 114.66, 114.66, 114.66, 114.48, 114.92, 113.7, 113.7, 113.7, 112.5, 112.06, 111.62, 111.62, 111.18, 111.18, 111.18, 111.18], "values": [7.13, 7.13, 7.13, 7.13, 7.13, 7.17, 7.18, 7.18, 7.3, 7.3, 7.32, 7.35, 7.35, 7.39, 7.4, 7.4, 7.4, 7.42, 7.39, 7.39, 7.43, 7.45, 7.45, 7.55, 7.55, 7.56, 7.55, 7.54, 7.54, 7.56, 7.55, 7.55, 7.55, 7.55, 7.55, 7.55, 7.55, 7.55, 7.55, 7.55, 7.55, 7.63, 7.64, 7.64, 7.64, 7.64, 7.64, 7.74, 7.72, 7.74, 7.78, 7.78, 7.78, 7.78, 7.78, 7.78, 7.78, 7.78, 7.78, 7.78, 7.8, 7.8, 7.82, 7.8, 7.8, 7.8, 7.8, 7.8, 7.8, 7.77, 7.77, 7.75, 7.77, 7.77, 7.77, 7.77, 7.75, 7.75, 7.75, 7.75, 7.75, 7.75, 7.75, 7.75, 7.72, 7.72, 7.72, 7.72, 7.72, 7.74, 7.72, 7.72, 7.72, 7.68, 7.68, 7.68, 7.68, 7.68, 7.68, 7.68, 7.68, 7.65, 7.33, 7.3, 7.17, 7.18, 7.17, 7.13, 7.13, 7.09, 6.96, 6.96, 6.87, 6.71, 6.69, 6.51, 6.51, 6.53, 6.51, 6.51, 6.51, 6.51, 6.33, 6.33, 6.34, 6.32, 6.3, 6.31, 6.31, 6.31, 6.18, 6.13, 6.13, 5.9, 5.88, 5.88, 5.88, 5.88, 5.89, 5.85, 5.85, 5.85, 5.81, 5.79, 5.77, 5.77, 5.76, 5.76, 5.76, 5.76], "info": {"delta_a": 220.17, "minv": 2.0, "maxv": 10.0}}